{
  "_fv": 18,
  "_type": "armor",
  "definition": {
    "enableHelmet": true,
    "textureHelmet": "encircheddiamond_head",
    "enableBody": true,
    "textureBody": "encircheddiamond_body",
    "enableLeggings": true,
    "textureLeggings": "encircheddiamond_leggings",
    "enableBoots": true,
    "textureBoots": "encircheddiamond_boots",
    "creativeTab": {
      "value": "CUSTOM:NewOres"
    },
    "armorTextureFile": "encircheddiamond",
    "helmetName": "EncirchedDiamond Helmet",
    "bodyName": "EncirchedDiamond Chestplate",
    "leggingsName": "EncirchedDiamond Leggings",
    "bootsName": "EncirchedDiamond Boots",
    "helmetSpecialInfo": [],
    "bodySpecialInfo": [],
    "leggingsSpecialInfo": [],
    "bootsSpecialInfo": [],
    "helmetModelName": "Default",
    "helmetModelPart": "Helmet",
    "helmetModelTexture": "From armor",
    "bodyModelName": "Default",
    "bodyModelPart": "Body",
    "armsModelPartL": "Arms L",
    "armsModelPartR": "Arms R",
    "bodyModelTexture": "From armor",
    "leggingsModelName": "Default",
    "leggingsModelPartL": "Leggings L",
    "leggingsModelPartR": "Leggings R",
    "leggingsModelTexture": "From armor",
    "bootsModelName": "Default",
    "bootsModelPartL": "Boots L",
    "bootsModelPartR": "Boots R",
    "bootsModelTexture": "From armor",
    "maxDamage": 75,
    "damageValueHelmet": 10,
    "damageValueBody": 25,
    "damageValueLeggings": 30,
    "damageValueBoots": 10,
    "enchantability": 45,
    "toughness": 0.0,
    "knockbackResistance": 0.0,
    "equipSound": {
      "value": ""
    },
    "repairItems": [
      {
        "value": "CUSTOM:EncirchedDiamond"
      }
    ]
  }
}