{
  "_fv": 18,
  "_type": "tool",
  "definition": {
    "renderType": 0,
    "texture": "encircheddiamond_shovel",
    "customModelName": "Normal",
    "name": "EncirchedDiamond Shovel",
    "specialInfo": [],
    "creativeTab": {
      "value": "CUSTOM:NewOres"
    },
    "toolType": "Spade",
    "harvestLevel": 10,
    "efficiency": 16.0,
    "attackSpeed": 1.0,
    "enchantability": 70,
    "damageVsEntity": 10.0,
    "usageCount": 2380,
    "blocksAffected": [],
    "hasGlow": false,
    "repairItems": [
      {
        "value": "CUSTOM:EncirchedDiamond"
      }
    ],
    "immuneToFire": false,
    "stayInGridWhenCrafting": false,
    "damageOnCrafting": false
  }
}