{
  "_fv": 18,
  "_type": "tool",
  "definition": {
    "renderType": 0,
    "texture": "megaenricheddiamond_pickaxe",
    "customModelName": "Normal",
    "name": "MegaEnrichedDiamond Pickaxe",
    "specialInfo": [],
    "creativeTab": {
      "value": "CUSTOM:NewOres"
    },
    "toolType": "Pickaxe",
    "harvestLevel": 12,
    "efficiency": 18.0,
    "attackSpeed": 1.0,
    "enchantability": 84,
    "damageVsEntity": 12.0,
    "usageCount": 3072,
    "blocksAffected": [],
    "hasGlow": false,
    "repairItems": [
      {
        "value": "CUSTOM:MegaEnrichedDiamond"
      }
    ],
    "immuneToFire": false,
    "stayInGridWhenCrafting": false,
    "damageOnCrafting": false
  }
}